index,id,group
0,home,base
1,user,base
2,folder,base
3,folder-open,base
4,documents,base
5,downloads,base
6,pictures,base
7,music,base
8,videos,base
9,projects,base
10,trash-empty,base
11,trash-full,base
12,drive-internal,base
13,drive-external,base
14,optical-disc,base
15,usb-drive,base
16,cloud-drive,base
17,network,base
18,server,base
19,computer,base
20,display,base
21,printer,base
22,camera,base
23,microphone,base
24,headphones,base
25,terminal,base
26,settings,base
27,search,base
28,information,base
29,help,base
30,lock,base
31,unlock,base
32,shield,base
33,key,base
34,power,base
35,restart,base
36,sleep,base
37,wifi,base
38,bluetooth,base
39,battery,base
40,volume,base
41,clipboard,base
42,mail,base
43,calendar,base
44,clock,base
45,back,actions
46,forward,actions
47,up,actions
48,refresh,actions
49,new-file,actions
50,new-folder,actions
51,save,actions
52,cut,actions
53,copy,actions
54,paste,actions
55,undo,actions
56,redo,actions
57,add,actions
58,remove,actions
59,close,actions
